{
    "packages": [
        {
            "name": "yourpayments/php-api-client",
            "version": "v1.7.8",
            "version_normalized": "1.7.8.0",
            "source": {
                "type": "git",
                "url": "https://github.com/yourpayments/php-api-client.git",
                "reference": "7861e60905a76fb921238b7b1a6c5f39bb68a273"
            },
            "dist": {
                "type": "zip",
                "url": "https://api.github.com/repos/yourpayments/php-api-client/zipball/7861e60905a76fb921238b7b1a6c5f39bb68a273",
                "reference": "7861e60905a76fb921238b7b1a6c5f39bb68a273",
                "shasum": ""
            },
            "require": {
                "ext-curl": "*",
                "ext-json": "*",
                "ext-mbstring": "*",
                "php": ">=7.4.0"
            },
            "time": "2025-08-05T07:51:20+00:00",
            "type": "package",
            "installation-source": "dist",
            "autoload": {
                "psr-4": {
                    "Ypmn\\": "src/"
                }
            },
            "notification-url": "https://packagist.org/downloads/",
            "license": [
                "mit"
            ],
            "authors": [
                {
                    "name": "YPMN Team",
                    "email": "itsupport@ypmn.ru",
                    "homepage": "https://dev.ypmn.ru/ru/documents/apiv4/"
                }
            ],
            "description": "Your Payments - powerful payment gateway PHP integration",
            "keywords": [
                "payments",
                "processing"
            ],
            "support": {
                "issues": "https://github.com/yourpayments/php-api-client/issues",
                "source": "https://github.com/yourpayments/php-api-client/tree/v1.7.8"
            },
            "install-path": "../yourpayments/php-api-client"
        }
    ],
    "dev": true,
    "dev-package-names": []
}
